{"main":{"xMin":98.10899353027344,"xMax":311.00299072265625,"kgMin":6400,"kgMax":6900,"yTopFt":186.7869873046875,"yBottomFt":470.4849853515625,"yMinFt":-1000,"yMaxFt":7000},"tempCurves":{"-30":[[268.28,470.485],[268.28,303.674],[261.32,300.074],[253.639,296.713],[245.719,293.113],[238.278,289.514],[230.598,285.913],[223.157,282.313],[215.477,278.952],[207.797,275.352],[200.355,271.752],[192.675,268.152],[185.235,264.792],[169.874,257.591],[162.674,253.991],[155.232,250.391],[147.792,247.03],[140.592,243.431],[125.711,236.23],[118.271,232.869],[111.071,229.269],[103.629,225.669],[98.109,223.029]],"-20":[[268.28,470.485],[268.28,342.796],[262.04,339.196],[246.679,331.995],[238.998,328.635],[224.117,321.435],[216.436,317.835],[208.997,314.235],[201.556,310.875],[193.875,307.274],[178.994,300.074],[171.554,296.713],[168.247,295.132],[164.943,293.544],[161.641,291.951],[158.341,290.354],[155.044,288.753],[151.747,287.149],[148.452,285.542],[145.157,283.934],[141.863,282.325],[138.569,280.716],[135.275,279.108],[131.979,277.502],[128.683,275.897],[125.385,274.296],[122.086,272.698],[118.784,271.105],[115.48,269.517],[112.173,267.935],[108.863,266.36],[105.549,264.792],[98.349,261.192],[98.109,260.952]],"-10":[[268.28,470.485],[268.28,381.679],[265.4,378.078],[257.96,374.718],[250.278,371.118],[247.27,369.724],[244.263,368.322],[241.259,366.915],[238.256,365.503],[235.255,364.086],[232.255,362.665],[229.256,361.242],[226.258,359.816],[223.261,358.388],[220.264,356.96],[217.267,355.532],[214.271,354.104],[211.274,352.678],[208.277,351.254],[205.279,349.832],[202.281,348.415],[199.281,347.002],[196.281,345.594],[193.279,344.192],[190.275,342.796],[167.954,331.995],[160.514,328.635],[138.912,317.835],[131.471,314.235],[124.271,310.875],[102.669,300.074],[98.109,297.914]],"0":[[268.28,470.485],[268.28,417.201],[263.72,413.602],[256.039,410.001],[248.599,406.64],[233.238,399.44],[226.037,395.84],[218.597,392.239],[211.157,388.88],[203.716,385.279],[196.516,381.679],[189.075,378.078],[181.634,374.718],[174.194,371.118],[170.944,369.517],[167.693,367.918],[164.442,366.319],[161.191,364.721],[157.939,363.123],[154.687,361.527],[151.435,359.93],[148.183,358.335],[144.93,356.739],[141.678,355.144],[138.425,353.549],[135.172,351.955],[131.919,350.36],[128.666,348.766],[125.413,347.172],[122.16,345.577],[118.907,343.982],[115.655,342.387],[112.402,340.792],[109.15,339.196],[98.109,333.675]],"10":[[268.28,470.485],[268.28,452.723],[264.2,449.123],[256.52,445.523],[249.079,441.923],[241.398,438.563],[233.958,434.963],[226.757,431.361],[211.877,424.161],[204.676,420.802],[197.235,417.201],[190.035,413.602],[182.595,410.001],[175.394,406.64],[167.954,403.04],[146.352,392.239],[139.152,388.88],[131.951,385.279],[124.991,381.679],[117.791,378.078],[110.591,374.718],[98.109,368.478]],"20":[[236.599,470.485],[222.197,463.284],[219.653,462.056],[217.109,460.824],[214.565,459.588],[212.022,458.35],[209.479,457.109],[206.937,455.866],[204.395,454.622],[201.852,453.376],[199.31,452.131],[196.767,450.886],[194.224,449.642],[191.681,448.398],[189.138,447.157],[186.594,445.918],[184.049,444.682],[181.504,443.449],[178.958,442.221],[176.411,440.996],[173.863,439.777],[171.314,438.563],[163.874,434.963],[156.913,431.361],[142.512,424.161],[135.312,420.802],[120.911,413.602],[113.951,410.001],[106.75,406.64],[98.109,402.32]],"30":[[168.914,470.485],[161.714,466.885],[158.794,465.461],[155.873,464.036],[152.951,462.612],[150.027,461.188],[147.102,459.764],[144.176,458.341],[141.249,456.918],[138.321,455.497],[135.392,454.076],[132.463,452.656],[129.532,451.238],[126.602,449.822],[123.671,448.407],[120.739,446.994],[117.808,445.583],[114.876,444.174],[111.944,442.767],[109.012,441.363],[106.08,439.962],[103.149,438.563],[98.109,435.923]]},"limits":{"hdLimit":[],"maxOat":[]}}